{"cameraMode":{"drawMode":0,"name":"Shaded","section":"Shading Mode"},"sceneLighting":false,"audioPlay":false,"sceneViewState":{"showFog":true,"showMaterialUpdate":true,"showSkybox":false,"showFlares":true,"showImageEffects":true,"showParticleSystems":true},"in2DMode":false,"pivot":{"x":91.49470520019531,"y":80.28431701660156,"z":-155.87664794921876},"rotation":{"x":0.16730742156505586,"y":0.7950153350830078,"z":-0.2532614469528198,"w":0.5251935720443726},"size":309.0401611328125,"orthographic":true}