{"cameraMode":{"drawMode":0,"name":"Shaded","section":"Shading Mode"},"sceneLighting":true,"audioPlay":false,"sceneViewState":{"showFog":true,"showMaterialUpdate":true,"showSkybox":true,"showFlares":true,"showImageEffects":true,"showParticleSystems":true},"in2DMode":false,"pivot":{"x":-23.146970748901368,"y":37.18695831298828,"z":-59.22615432739258},"rotation":{"x":0.17734801769256593,"y":0.2064458280801773,"z":-0.038080088794231418,"w":0.9615044593811035},"size":4.663600444793701,"orthographic":false}