{"cameraMode":{"drawMode":0,"name":"Shaded","section":"Shading Mode"},"sceneLighting":true,"audioPlay":false,"sceneViewState":{"showFog":true,"showMaterialUpdate":true,"showSkybox":true,"showFlares":true,"showImageEffects":true,"showParticleSystems":true},"in2DMode":false,"pivot":{"x":42.317726135253909,"y":157.30641174316407,"z":346.4515380859375},"rotation":{"x":0.0008983380394056439,"y":-0.03149469196796417,"z":0.000026659614377422258,"w":0.9995097517967224},"size":249.5142364501953,"orthographic":false}