{"cameraMode":{"drawMode":0,"name":"Shaded","section":"Shading Mode"},"sceneLighting":true,"audioPlay":false,"sceneViewState":{"showFog":true,"showMaterialUpdate":true,"showSkybox":true,"showFlares":true,"showImageEffects":true,"showParticleSystems":true},"in2DMode":false,"pivot":{"x":69.68893432617188,"y":-125.14552307128906,"z":-81.341552734375},"rotation":{"x":0.17930716276168824,"y":0.17691005766391755,"z":-0.032795608043670657,"w":0.9672056436538696},"size":427.65423583984377,"orthographic":false}