{"cameraMode":{"drawMode":0,"name":"Shaded","section":"Shading Mode"},"sceneLighting":true,"audioPlay":false,"sceneViewState":{"showFog":true,"showMaterialUpdate":true,"showSkybox":true,"showFlares":true,"showImageEffects":true,"showParticleSystems":true},"in2DMode":false,"pivot":{"x":8.313141822814942,"y":1.7870420217514039,"z":-5.550102710723877},"rotation":{"x":-0.2831386625766754,"y":-0.3065154552459717,"z":0.09602697193622589,"w":-0.9036957025527954},"size":11.898921012878418,"orthographic":false}