{"cameraMode":{"drawMode":0,"name":"Shaded","section":"Shading Mode"},"sceneLighting":true,"audioPlay":false,"sceneViewState":{"showFog":true,"showMaterialUpdate":true,"showSkybox":true,"showFlares":true,"showImageEffects":true,"showParticleSystems":true},"in2DMode":false,"pivot":{"x":4.150129795074463,"y":7.849747657775879,"z":-12.122204780578614},"rotation":{"x":-0.10224811732769013,"y":0.06113630533218384,"z":-0.006303469650447369,"w":-0.9928616881370544},"size":5.147582054138184,"orthographic":false}