{"cameraMode":{"drawMode":0,"name":"Shaded","section":"Shading Mode"},"sceneLighting":true,"audioPlay":false,"sceneViewState":{"showFog":true,"showMaterialUpdate":true,"showSkybox":true,"showFlares":true,"showImageEffects":true,"showParticleSystems":true},"in2DMode":false,"pivot":{"x":30.44882583618164,"y":68.44556427001953,"z":37.41698455810547},"rotation":{"x":0.27415931224823,"y":0.3047564625740051,"z":-0.09207220375537873,"w":0.9074596166610718},"size":83.54178619384766,"orthographic":false}