{"cameraMode":{"drawMode":0,"name":"Shaded","section":"Shading Mode"},"sceneLighting":true,"audioPlay":false,"sceneViewState":{"showFog":true,"showMaterialUpdate":true,"showSkybox":true,"showFlares":true,"showImageEffects":true,"showParticleSystems":true},"in2DMode":false,"pivot":{"x":-26.399749755859376,"y":55.806739807128909,"z":96.20721435546875},"rotation":{"x":0.16087114810943604,"y":0.15037113428115846,"z":-0.02480715699493885,"w":0.9751383662223816},"size":149.1537322998047,"orthographic":false}