{"cameraMode":{"drawMode":0,"name":"Shaded","section":"Shading Mode"},"sceneLighting":true,"audioPlay":false,"sceneViewState":{"showFog":true,"showMaterialUpdate":true,"showSkybox":true,"showFlares":true,"showImageEffects":true,"showParticleSystems":true},"in2DMode":false,"pivot":{"x":-24.074039459228517,"y":12.721466064453125,"z":-47.500274658203128},"rotation":{"x":0.19901639223098756,"y":-0.020578835159540178,"z":0.00417958851903677,"w":0.9797757267951965},"size":218.631103515625,"orthographic":false}