{"cameraMode":{"drawMode":0,"name":"Shaded","section":"Shading Mode"},"sceneLighting":true,"audioPlay":false,"sceneViewState":{"showFog":true,"showMaterialUpdate":true,"showSkybox":true,"showFlares":true,"showImageEffects":true,"showParticleSystems":true},"in2DMode":false,"pivot":{"x":-601.6849365234375,"y":-18.163238525390626,"z":-2121.578369140625},"rotation":{"x":0.33548617362976076,"y":0.3630848824977875,"z":-0.1420397311449051,"w":0.8575812578201294},"size":205.74826049804688,"orthographic":false}